1.00000E+00,2.67363E-08,7.11530E-08,-9.77030E-08,-6.69132E-07,-3.09263E-07
1.17182E-02,1.62222E-02,-5.90397E-05,-1.05585E-04,4.17873E-04,9.13843E-04
-2.65955E-01,-7.29531E-01,-4.99796E-01,2.83507E-04,-9.09042E-04,-2.20244E-03
-1.82348E-04,-8.86355E-05,-1.90554E-04,-2.49708E-04,6.35004E-04,1.73523E-03
4.70966E-05,-4.09705E-06,3.75218E-05,8.05645E-05,-1.90534E-04,-5.42847E-04
1.00000E+00,3.76476E-08,-3.05313E-07,-3.27422E-07,2.44235E-06,4.08754E-06
2.35767E-02,3.24642E-02,-6.37269E-04,-7.69160E-04,5.28004E-03,9.45642E-03
-2.73743E-01,-7.40767E-01,-4.98195E-01,1.74337E-03,-1.25798E-02,-2.24046E-02
-7.79128E-04,-4.14495E-04,-1.62657E-03,-1.37286E-03,1.04319E-02,1.83488E-02
2.02855E-04,1.94598E-06,4.30102E-04,4.32180E-04,-3.31526E-03,-5.81788E-03
1.00000E+00,7.00357E-08,-3.15076E-07,-4.24915E-07,2.45516E-06,4.90187E-06
3.55657E-02,4.87956E-02,-1.95525E-03,-2.78660E-03,1.65490E-02,3.11496E-02
-2.81171E-01,-7.52015E-01,-4.95329E-01,5.83548E-03,-3.39830E-02,-6.55379E-02
-1.83452E-03,-8.12746E-04,-3.84675E-03,-4.44467E-03,2.55871E-02,4.99483E-02
4.79031E-04,-3.89615E-05,1.01022E-03,1.39133E-03,-7.99398E-03,-1.56366E-02
1.00000E+00,7.58881E-08,4.70500E-08,2.48041E-07,-2.06053E-06,-1.97319E-06
4.76788E-02,6.52200E-02,-4.54331E-03,-6.50318E-03,3.76564E-02,7.17176E-02
-2.88203E-01,-7.63217E-01,-4.90337E-01,1.22839E-02,-6.86398E-02,-1.35769E-01
-3.37733E-03,-1.36514E-03,-7.51614E-03,-8.78592E-03,4.78572E-02,9.69021E-02
8.81822E-04,-1.02577E-04,1.99797E-03,2.72661E-03,-1.48296E-02,-3.01060E-02
9.99999E-01,7.91498E-08,1.84164E-06,2.68534E-06,-1.81630E-05,-2.69021E-05
5.98818E-02,8.17654E-02,-7.70811E-03,-1.12378E-02,6.38329E-02,1.25339E-01
-2.94716E-01,-7.74405E-01,-4.86220E-01,1.77367E-02,-9.46825E-02,-2.01789E-01
-5.52375E-03,-2.05348E-03,-9.44915E-03,-1.08135E-02,5.41024E-02,1.25257E-01
1.44555E-03,-1.99404E-04,2.36742E-03,3.29655E-03,-1.64122E-02,-3.83750E-02
9.99999E-01,7.68158E-08,5.18185E-06,7.34245E-06,-4.94780E-05,-7.71923E-05
7.21461E-02,9.84618E-02,-1.06535E-02,-1.62358E-02,8.59238E-02,1.78727E-01
-3.00622E-01,-7.85616E-01,-4.85735E-01,1.91563E-02,-8.10204E-02,-2.15386E-01
-8.34809E-03,-2.85241E-03,-7.03252E-03,-7.56786E-03,1.44975E-02,8.79093E-02
2.18964E-03,-3.42022E-04,1.32930E-03,2.20108E-03,-3.57927E-03,-2.59280E-02
9.99999E-01,8.36312E-08,1.09116E-05,1.47812E-05,-1.02733E-04,-1.62724E-04
8.44142E-02,1.15310E-01,-1.17230E-02,-1.94732E-02,8.92604E-02,2.09303E-01
-3.05743E-01,-7.96809E-01,-4.93957E-01,1.01607E-02,1.67761E-02,-1.05909E-01
-1.20090E-02,-3.80678E-03,4.51195E-03,6.93472E-03,-1.12405E-01,-8.15484E-02
3.16048E-03,-5.22237E-04,-2.58261E-03,-2.38303E-03,3.63393E-02,2.75127E-02
9.99998E-01,1.57323E-08,1.77595E-05,2.56082E-05,-1.67537E-04,-2.73755E-04
9.66438E-02,1.32264E-01,-9.53841E-03,-1.83707E-02,6.01664E-02,1.93357E-01
-3.09969E-01,-8.07790E-01,-5.14392E-01,-1.67153E-02,2.33870E-01,1.91600E-01
-1.65906E-02,-5.11585E-03,2.80424E-02,3.94663E-02,-3.55720E-01,-4.39251E-01
4.37866E-03,-6.81795E-04,-1.01520E-02,-1.24875E-02,1.11484E-01,1.38105E-01
9.99997E-01,-8.06132E-08,2.49797E-05,3.85120E-05,-2.37451E-04,-3.99607E-04
1.08782E-01,1.49306E-01,-2.50975E-03,-1.05471E-02,-1.64831E-02,1.05733E-01
-3.13165E-01,-8.18489E-01,-5.50832E-01,-6.74447E-02,6.06357E-01,7.39717E-01
-2.21976E-02,-6.84023E-03,6.65411E-02,9.48702E-02,-7.43989E-01,-1.03582E+00
5.87088E-03,-8.10480E-04,-2.21731E-02,-2.94422E-02,2.29540E-01,3.19669E-01
9.99997E-01,-1.87404E-07,3.10276E-05,5.20007E-05,-2.98132E-04,-5.19259E-04
1.20783E-01,1.66407E-01,1.06608E-02,6.48772E-03,-1.53031E-01,-7.59354E-02
-3.15222E-01,-8.28793E-01,-6.05740E-01,-1.47812E-01,1.15760E+00,1.58565E+00
-2.89055E-02,-9.08096E-03,1.21467E-01,1.77575E-01,-1.29110E+00,-1.90333E+00
7.65342E-03,-8.85417E-04,-3.89092E-02,-5.44040E-02,3.93087E-01,5.79439E-01
9.99996E-01,-2.44548E-07,3.31019E-05,6.29483E-05,-3.24667E-04,-5.95527E-04
1.32615E-01,1.83566E-01,3.04158E-02,3.40925E-02,-3.54681E-01,-3.63044E-01
-3.16092E-01,-8.38704E-01,-6.78558E-01,-2.59346E-01,1.88547E+00,2.73632E+00
-3.67233E-02,-1.18139E-02,1.91089E-01,2.87408E-01,-1.98397E+00,-3.03075E+00
9.72033E-03,-9.26380E-04,-5.95654E-02,-8.69829E-02,5.95744E-01,9.10242E-01
9.99995E-01,-2.12227E-07,2.95645E-05,6.92848E-05,-3.02153E-04,-6.05145E-04
1.44258E-01,2.00775E-01,5.67845E-02,7.35166E-02,-6.22861E-01,-7.62213E-01
-3.15754E-01,-8.48196E-01,-7.67318E-01,-4.02984E-01,2.77477E+00,4.18114E+00
-4.56307E-02,-1.50425E-02,2.72232E-01,4.23528E-01,-2.79606E+00,-4.38863E+00
1.20560E-02,-9.44637E-04,-8.28738E-02,-1.26564E-01,8.26726E-01,1.29882E+00
9.99995E-01,-4.03407E-08,1.86047E-05,6.85201E-05,-2.14503E-04,-5.22528E-04
1.55704E-01,2.18048E-01,8.88994E-02,1.24878E-01,-9.51331E-01,-1.26824E+00
-3.14244E-01,-8.57322E-01,-8.67190E-01,-5.75787E-01,3.78571E+00,5.87052E+00
-5.55526E-02,-1.86861E-02,3.58860E-01,5.81094E-01,-3.67623E+00,-5.90800E+00
1.46269E-02,-9.79742E-04,-1.06652E-01,-1.71226E-01,1.06737E+00,1.71918E+00
9.99994E-01,3.00267E-07,-1.11840E-06,5.88256E-05,-4.78456E-05,-3.25731E-04
1.66960E-01,2.35405E-01,1.25215E-01,1.87646E-01,-1.32685E+00,-1.86549E+00
-3.11630E-01,-8.66152E-01,-9.71254E-01,-7.72715E-01,4.85654E+00,7.72150E+00
-6.63778E-02,-2.26481E-02,4.42898E-01,7.53182E-01,-4.55172E+00,-7.48670E+00
1.73883E-02,-1.07669E-03,-1.28075E-01,-2.18389E-01,1.29217E+00,2.13475E+00
9.99994E-01,8.94829E-07,-2.98434E-05,3.82193E-05,2.00584E-04,-6.40482E-06
1.78039E-01,2.52912E-01,1.63761E-01,2.60132E-01,-1.73287E+00,-2.53185E+00
-3.08007E-01,-8.74905E-01,-1.07146E+00,-9.85062E-01,5.91697E+00,9.63265E+00
-7.79747E-02,-2.66797E-02,5.15288E-01,9.29261E-01,-5.34252E+00,-9.00574E+00
2.02892E-02,-1.33011E-03,-1.44039E-01,-2.64330E-01,1.47360E+00,2.50398E+00
9.99994E-01,1.75397E-06,-6.73310E-05,6.29524E-06,5.29623E-04,4.35288E-04
1.88968E-01,2.70612E-01,2.01975E-01,3.40574E-01,-2.14737E+00,-3.23836E+00
-3.03499E-01,-8.83717E-01,-1.15816E+00,-1.20414E+00,6.88176E+00,1.14841E+01
-9.01806E-02,-3.06202E-02,5.65581E-01,1.09902E+00,-5.95552E+00,-1.03302E+01
2.32694E-02,-1.80614E-03,-1.51041E-01,-3.05449E-01,1.58037E+00,2.78083E+00
9.99994E-01,3.07931E-06,-1.11876E-04,-4.10164E-05,9.17095E-04,9.80145E-04
1.99765E-01,2.88611E-01,2.37501E-01,4.25803E-01,-2.55105E+00,-3.95585E+00
-2.98206E-01,-8.92930E-01,-1.22279E+00,-1.41690E+00,7.67836E+00,1.31601E+01
-1.02865E-01,-3.40967E-02,5.84677E-01,1.24786E+00,-6.31301E+00,-1.13328E+01
2.62800E-02,-2.63995E-03,-1.46076E-01,-3.36795E-01,1.58677E+00,2.92251E+00
9.99993E-01,4.49776E-06,-1.65136E-04,-9.76754E-05,1.39664E-03,1.66293E-03
2.10469E-01,3.06924E-01,2.66793E-01,5.13797E-01,-2.90958E+00,-4.63816E+00
-2.92294E-01,-9.02560E-01,-1.25307E+00,-1.61470E+00,8.18574E+00,1.44912E+01
-1.15831E-01,-3.70891E-02,5.59807E-01,1.36619E+00,-6.28824E+00,-1.18327E+01
2.92513E-02,-3.84903E-03,-1.24976E-01,-3.55149E-01,1.45127E+00,2.86925E+00
9.99993E-01,6.01488E-06,-2.22125E-04,-1.61774E-04,1.92058E-03,2.41975E-03
2.21091E-01,3.25648E-01,2.87732E-01,6.01632E-01,-3.20436E+00,-5.25724E+00
-2.85814E-01,-9.12889E-01,-1.24213E+00,-1.78635E+00,8.34196E+00,1.53776E+01
-1.29005E-01,-3.92986E-02,4.84255E-01,1.44206E+00,-5.81999E+00,-1.17275E+01
3.21555E-02,-5.54272E-03,-8.56572E-02,-3.56589E-01,1.15480E+00,2.58829E+00
9.99993E-01,8.01467E-06,-2.79242E-04,-2.36820E-04,2.45459E-03,3.21683E-03
2.31651E-01,3.44948E-01,2.97820E-01,6.85187E-01,-3.41294E+00,-5.77715E+00
-2.78858E-01,-9.24428E-01,-1.18215E+00,-1.91691E+00,8.07489E+00,1.56969E+01
-1.42276E-01,-4.01888E-02,3.50466E-01,1.45983E+00,-4.83806E+00,-1.08936E+01
3.49529E-02,-7.90933E-03,-2.58002E-02,-3.36028E-01,6.75740E-01,2.04052E+00
9.99992E-01,1.04277E-05,-3.35126E-04,-3.21042E-04,2.98507E-03,4.03325E-03
2.42172E-01,3.64954E-01,2.94606E-01,7.60693E-01,-3.51409E+00,-6.16460E+00
-2.71512E-01,-9.37543E-01,-1.06570E+00,-1.99328E+00,7.31863E+00,1.53396E+01
-1.55540E-01,-3.93862E-02,1.51477E-01,1.40614E+00,-3.28024E+00,-9.22338E+00
3.76066E-02,-1.10812E-02,5.66831E-02,-2.89210E-01,-4.60274E-03,1.19273E+00
9.99992E-01,1.30838E-05,-3.84070E-04,-4.09294E-04,3.47025E-03,4.81071E-03
2.52646E-01,3.85718E-01,2.76330E-01,8.25665E-01,-3.48888E+00,-6.39017E+00
-2.63758E-01,-9.52326E-01,-8.88179E-01,-2.00720E+00,6.01960E+00,1.42157E+01
-1.68806E-01,-3.68095E-02,-1.16429E-01,1.27309E+00,-1.09991E+00,-6.63409E+00
4.01184E-02,-1.50938E-02,1.62740E-01,-2.13760E-01,-8.99142E-01,2.08129E-02
9.99991E-01,1.59363E-05,-4.27315E-04,-5.01461E-04,3.91365E-03,5.55096E-03
2.63096E-01,4.07357E-01,2.40649E-01,8.76450E-01,-3.31641E+00,-6.42069E+00
-2.55682E-01,-9.69090E-01,-6.43149E-01,-1.94678E+00,4.11915E+00,1.22255E+01
-1.81974E-01,-3.21462E-02,-4.58817E-01,1.04913E+00,1.75388E+00,-3.03434E+00
4.24541E-02,-2.00595E-02,2.93916E-01,-1.06138E-01,-2.02203E+00,-1.50181E+00
9.99990E-01,1.88950E-05,-4.59994E-04,-5.93663E-04,4.27684E-03,6.20090E-03
2.73504E-01,4.29990E-01,1.86473E-01,9.09921E-01,-2.98441E+00,-6.23344E+00
-2.47225E-01,-9.88118E-01,-3.28759E-01,-1.80252E+00,1.59090E+00,9.30968E+00
-1.95100E-01,-2.51242E-02,-8.76244E-01,7.25592E-01,5.29650E+00,1.62177E+00
4.46307E-02,-2.60754E-02,4.50054E-01,3.61638E-02,-3.37524E+00,-3.38601E+00
9.99989E-01,2.18906E-05,-4.79199E-04,-6.83164E-04,4.53467E-03,6.72485E-03
2.83854E-01,4.53722E-01,1.12877E-01,9.23203E-01,-2.48247E+00,-5.80855E+00
-2.38338E-01,-1.00965E+00,5.61453E-02,-1.56605E+00,-1.58353E+00,5.42138E+00
-2.08226E-01,-1.55138E-02,-1.36846E+00,2.95168E-01,9.53392E+00,7.36550E+00
4.66619E-02,-3.32255E-02,6.30711E-01,2.15167E-01,-4.95748E+00,-5.63744E+00
9.99987E-01,2.48200E-05,-4.82895E-04,-7.67488E-04,4.66900E-03,7.09581E-03
2.94123E-01,4.78653E-01,1.93256E-02,9.13569E-01,-1.80354E+00,-5.13040E+00
-2.28945E-01,-1.03390E+00,5.11210E-01,-1.22996E+00,-5.40939E+00,5.31490E-01
-2.21426E-01,-3.12679E-03,-1.93353E+00,-2.48179E-01,1.44576E+01,1.42077E+01
4.85718E-02,-4.15796E-02,8.34879E-01,4.32418E-01,-6.76244E+00,-8.25464E+00
9.99985E-01,2.76168E-05,-4.67522E-04,-8.43978E-04,4.65008E-03,7.27476E-03
3.04280E-01,5.04856E-01,-9.42256E-02,8.78905E-01,-9.44256E-01,-4.18847E+00
-2.18939E-01,-1.06098E+00,1.03431E+00,-7.89123E-01,-9.87815E+00,-5.36997E+00
-2.34805E-01,1.21281E-02,-2.56765E+00,-9.08015E-01,2.00436E+01,2.21379E+01
5.03942E-02,-5.11768E-02,1.06090E+00,6.88631E-01,-8.77867E+00,-1.12289E+01
9.99982E-01,3.00792E-05,-4.33447E-04,-9.09366E-04,4.47786E-03,7.25072E-03
3.14283E-01,5.32444E-01,-2.27528E-01,8.16951E-01,9.53704E-02,-2.97730E+00
-2.08186E-01,-1.09112E+00,1.62237E+00,-2.38394E-01,-1.49699E+01,-1.22743E+01
-2.48493E-01,3.04543E-02,-3.26601E+00,-1.68760E+00,2.62568E+01,3.11259E+01
5.21709E-02,-6.20908E-02,1.30683E+00,9.84353E-01,-1.09909E+01,-1.45449E+01
9.99979E-01,3.24569E-05,-3.76717E-04,-9.64000E-04,4.11997E-03,6.98761E-03
3.24082E-01,5.61534E-01,-3.79993E-01,7.25313E-01,1.31342E+00,-1.49163E+00
-1.96521E-01,-1.12457E+00,2.27091E+00,4.27678E-01,-2.06558E+01,-2.01690E+01
-2.62655E-01,5.20812E-02,-4.02224E+00,-2.59048E+00,3.30508E+01,4.11350E+01
5.39556E-02,-7.44077E-02,1.57015E+00,1.32022E+00,-1.33802E+01,-1.81848E+01
9.99976E-01,3.39628E-05,-2.98845E-04,-9.99651E-04,3.58523E-03,6.47782E-03
3.33647E-01,5.92068E-01,-5.51020E-01,6.03630E-01,2.70712E+00,2.67853E-01
-1.83849E-01,-1.16095E+00,2.97559E+00,1.20728E+00,-2.69053E+01,-2.90214E+01
-2.77375E-01,7.65838E-02,-4.83023E+00,-3.61238E+00,4.03786E+01,5.21084E+01
5.57745E-02,-8.79952E-02,1.84848E+00,1.69425E+00,-1.59274E+01,-2.21242E+01
9.99972E-01,3.48473E-05,-1.97828E-04,-1.01659E-03,2.85509E-03,5.69725E-03
3.42904E-01,6.24164E-01,-7.39023E-01,4.50306E-01,4.26553E+00,2.29299E+00
-1.69940E-01,-1.20051E+00,3.72868E+00,2.10276E+00,-3.36594E+01,-3.87726E+01
-2.92882E-01,1.04194E-01,-5.68033E+00,-4.75339E+00,4.81633E+01,6.39614E+01
5.77008E-02,-1.02941E-01,2.13826E+00,2.10589E+00,-1.86034E+01,-2.63294E+01
9.99968E-01,3.47804E-05,-7.11898E-05,-1.01028E-03,1.90919E-03,4.61426E-03
3.51793E-01,6.57815E-01,-9.42175E-01,2.64940E-01,5.97606E+00,4.57222E+00
-1.54595E-01,-1.24305E+00,4.52170E+00,3.11205E+00,-4.08539E+01,-4.93518E+01
-3.09367E-01,1.34661E-01,-6.56214E+00,-6.00882E+00,5.63228E+01,7.65965E+01
5.97948E-02,-1.19174E-01,2.43570E+00,2.55300E+00,-2.13779E+01,-3.07628E+01
9.99963E-01,3.37519E-05,8.13037E-05,-9.78638E-04,7.41412E-04,3.21498E-03
3.60246E-01,6.93065E-01,-1.15880E+00,4.68519E-02,7.82662E+00,7.09456E+00
-1.37615E-01,-1.28855E+00,5.34673E+00,4.23402E+00,-4.84263E+01,-6.06897E+01
-3.27017E-01,1.67941E-01,-7.46593E+00,-7.37492E+00,6.47773E+01,8.99181E+01
6.21158E-02,-1.36692E-01,2.73726E+00,3.03374E+00,-2.42209E+01,-3.53873E+01
9.99958E-01,3.14983E-05,2.59741E-04,-9.19008E-04,-6.49202E-04,1.49008E-03
3.68196E-01,7.29888E-01,-1.38664E+00,-2.03807E-01,9.80062E+00,9.84155E+00
-1.18788E-01,-1.33674E+00,6.19400E+00,5.46446E+00,-5.62994E+01,-7.26915E+01
-3.46033E-01,2.03729E-01,-8.38012E+00,-8.84466E+00,7.34319E+01,1.03805E+02
6.47255E-02,-1.55409E-01,3.03879E+00,3.54516E+00,-2.70980E+01,-4.01572E+01
9.99952E-01,2.79961E-05,4.60479E-04,-8.33486E-04,-2.23214E-03,-5.16285E-04
3.75580E-01,7.68292E-01,-1.62392E+00,-4.87674E-01,1.18854E+01,1.28025E+01
-9.79355E-02,-1.38749E+00,7.05560E+00,6.80198E+00,-6.44113E+01,-8.52915E+01
-3.66572E-01,2.41863E-01,-9.29524E+00,-1.04141E+01,8.22093E+01,1.18166E+02
6.76714E-02,-1.75289E-01,3.33691E+00,4.08538E+00,-2.99809E+01,-4.50381E+01
9.99947E-01,2.29520E-05,6.82639E-04,-7.17139E-04,-4.00522E-03,-2.81601E-03
3.82332E-01,8.08194E-01,-1.86848E+00,-8.03415E-01,1.40640E+01,1.59560E+01
-7.48735E-02,-1.44031E+00,7.92233E+00,8.23820E+00,-7.26858E+01,-9.83865E+01
-3.88797E-01,2.81837E-01,-1.02005E+01,-1.20716E+01,9.10175E+01,1.32873E+02
7.10017E-02,-1.96182E-01,3.62780E+00,4.65000E+00,-3.28365E+01,-4.99823E+01
9.99941E-01,1.63607E-05,9.28242E-04,-5.69257E-04,-5.98245E-03,-5.42476E-03
3.88363E-01,8.49548E-01,-2.11701E+00,-1.15003E+00,1.63119E+01,1.92737E+01
-4.93364E-02,-1.49491E+00,8.78129E+00,9.76596E+00,-8.10212E+01,-1.11851E+02
-4.12953E-01,3.23322E-01,-1.10814E+01,-1.38073E+01,9.97386E+01,1.47775E+02
7.47911E-02,-2.18001E-01,3.90642E+00,5.23509E+00,-3.56231E+01,-5.49352E+01
9.99935E-01,8.31520E-06,1.19244E-03,-3.95258E-04,-8.12525E-03,-8.28836E-03
3.93603E-01,8.92358E-01,-2.36688E+00,-1.52786E+00,1.86071E+01,2.27314E+01
-2.11345E-02,-1.55112E+00,9.62205E+00,1.13827E+01,-8.93266E+01,-1.25574E+02
-4.39199E-01,3.66161E-01,-1.19262E+01,-1.56159E+01,1.08267E+02,1.62736E+02
7.90853E-02,-2.40719E-01,4.16872E+00,5.83839E+00,-3.83040E+01,-5.98484E+01
9.99929E-01,-1.65608E-06,1.47476E-03,-1.86250E-04,-1.04363E-02,-1.14318E-02
3.97989E-01,9.36430E-01,-2.61569E+00,-1.93387E+00,2.09305E+01,2.63021E+01
9.88744E-03,-1.60813E+00,1.04351E+01,1.30740E+01,-9.75207E+01,-1.39437E+02
-4.67657E-01,4.09494E-01,-1.27240E+01,-1.74797E+01,1.16508E+02,1.77614E+02
8.39169E-02,-2.64077E-01,4.41092E+00,6.45344E+00,-4.08455E+01,-6.46698E+01
9.99922E-01,-1.37624E-05,1.77335E-03,5.99400E-05,-1.29013E-02,-1.48443E-02
4.01450E-01,9.81600E-01,-2.86053E+00,-2.36562E+00,2.32591E+01,2.99551E+01
4.39150E-02,-1.66522E+00,1.12093E+01,1.48279E+01,-1.05512E+02,-1.53310E+02
-4.98475E-01,4.52607E-01,-1.34628E+01,-1.93836E+01,1.24357E+02,1.92256E+02
8.93258E-02,-2.87869E-01,4.62891E+00,7.07473E+00,-4.32116E+01,-6.93461E+01
9.99916E-01,-2.78975E-05,2.08753E-03,3.41607E-04,-1.55141E-02,-1.85156E-02
4.03889E-01,1.02783E+00,-3.09762E+00,-2.82183E+00,2.55629E+01,3.36548E+01
8.12122E-02,-1.72210E+00,1.19310E+01,1.66362E+01,-1.13185E+02,-1.67048E+02
-5.31880E-01,4.95236E-01,-1.41275E+01,-2.13166E+01,1.31687E+02,2.06495E+02
9.53781E-02,-3.12041E-01,4.81765E+00,7.69813E+00,-4.53587E+01,-7.38182E+01
9.99910E-01,-4.39880E-05,2.41439E-03,6.54636E-04,-1.82489E-02,-2.24062E-02
4.05249E-01,1.07495E+00,-3.32445E+00,-3.30073E+00,2.78221E+01,3.73760E+01
1.21896E-01,-1.77813E+00,1.25907E+01,1.84893E+01,-1.20461E+02,-1.80542E+02
-5.67942E-01,5.36741E-01,-1.47080E+01,-2.32664E+01,1.38408E+02,2.20203E+02
1.02086E-01,-3.36419E-01,4.97373E+00,8.31905E+00,-4.72562E+01,-7.80409E+01
9.99904E-01,-6.22073E-05,2.75066E-03,1.00063E-03,-2.10817E-02,-2.64933E-02
4.05472E-01,1.12279E+00,-3.53825E+00,-3.79964E+00,3.00132E+01,4.10871E+01
1.66089E-01,-1.83255E+00,1.31785E+01,2.03743E+01,-1.27252E+02,-1.93664E+02
-6.06729E-01,5.76392E-01,-1.51936E+01,-2.52171E+01,1.44423E+02,2.33232E+02
1.09463E-01,-3.60803E-01,5.09358E+00,8.93178E+00,-4.88706E+01,-8.19632E+01
9.99898E-01,-8.26232E-05,3.09353E-03,1.37924E-03,-2.39902E-02,-3.07502E-02
4.04498E-01,1.17115E+00,-3.73628E+00,-4.31580E+00,3.21142E+01,4.47580E+01
2.13904E-01,-1.88458E+00,1.36848E+01,2.22782E+01,-1.33471E+02,-2.06293E+02
-6.48301E-01,6.13439E-01,-1.55742E+01,-2.71531E+01,1.49638E+02,2.45444E+02
1.17516E-01,-3.84990E-01,5.17383E+00,9.53070E+00,-5.01709E+01,-8.55368E+01
9.99893E-01,-1.05293E-04,3.43932E-03,1.78981E-03,-2.69462E-02,-3.51436E-02
4.02272E-01,1.21982E+00,-3.91575E+00,-4.84621E+00,3.41013E+01,4.83563E+01
2.65438E-01,-1.93341E+00,1.40998E+01,2.41876E+01,-1.39034E+02,-2.18300E+02
-6.92691E-01,6.47135E-01,-1.58398E+01,-2.90581E+01,1.53960E+02,2.56697E+02
1.26243E-01,-4.08783E-01,5.21125E+00,1.01100E+01,-5.11262E+01,-8.87130E+01
9.99888E-01,-1.30188E-04,3.78436E-03,2.22971E-03,-2.99185E-02,-3.96315E-02
3.98750E-01,1.26855E+00,-4.07427E+00,-5.38796E+00,3.59550E+01,5.18546E+01
3.20748E-01,-1.97817E+00,1.44153E+01,2.60890E+01,-1.43866E+02,-2.29578E+02
-7.39891E-01,6.76679E-01,-1.59819E+01,-3.09162E+01,1.57312E+02,2.66867E+02
1.35630E-01,-4.31972E-01,5.20310E+00,1.06642E+01,-5.17104E+01,-9.14493E+01
9.99884E-01,-1.57459E-04,4.12052E-03,2.69984E-03,-3.28468E-02,-4.41512E-02
3.93891E-01,1.31710E+00,-4.20944E+00,-5.93691E+00,3.76535E+01,5.52188E+01
3.79857E-01,-2.01791E+00,1.46238E+01,2.79653E+01,-1.47893E+02,-2.39997E+02
-7.89852E-01,7.01196E-01,-1.59929E+01,-3.27077E+01,1.59613E+02,2.75813E+02
1.45646E-01,-4.54328E-01,5.14701E+00,1.11863E+01,-5.18977E+01,-9.36987E+01
9.99881E-01,-1.86816E-04,4.45491E-03,3.19574E-03,-3.57812E-02,-4.87457E-02
3.87612E-01,1.36524E+00,-4.31686E+00,-6.49005E+00,3.91612E+01,5.84032E+01
4.42940E-01,-2.05189E+00,1.47103E+01,2.98033E+01,-1.50988E+02,-2.49389E+02
-8.42683E-01,7.20045E-01,-1.58579E+01,-3.44169E+01,1.60733E+02,2.83354E+02
1.56312E-01,-4.75705E-01,5.03810E+00,1.16708E+01,-5.16454E+01,-9.53999E+01
9.99878E-01,-2.18480E-04,4.78376E-03,3.71897E-03,-3.86926E-02,-5.33866E-02
3.79879E-01,1.41265E+00,-4.39391E+00,-7.04282E+00,4.04550E+01,6.13721E+01
5.10001E-01,-2.07896E+00,1.46666E+01,3.15843E+01,-1.53072E+02,-2.57624E+02
-8.98306E-01,7.32213E-01,-1.55686E+01,-3.60229E+01,1.60591E+02,2.89348E+02
1.67591E-01,-4.95837E-01,4.87389E+00,1.21106E+01,-5.09274E+01,-9.65060E+01
9.99876E-01,-2.52173E-04,5.09558E-03,4.26518E-03,-4.14939E-02,-5.79712E-02
3.70689E-01,1.45908E+00,-4.43983E+00,-7.59192E+00,4.15261E+01,6.41080E+01
5.80924E-01,-2.09831E+00,1.44911E+01,3.32945E+01,-1.54118E+02,-2.64634E+02
-9.56518E-01,7.37009E-01,-1.51243E+01,-3.75098E+01,1.59159E+02,2.93723E+02
1.79397E-01,-5.14573E-01,4.65426E+00,1.25003E+01,-4.97362E+01,-9.69932E+01
9.99874E-01,-2.87917E-04,5.39066E-03,4.83313E-03,-4.41852E-02,-6.24953E-02
3.60001E-01,1.50420E+00,-4.45150E+00,-8.13270E+00,4.23476E+01,6.65709E+01
6.55716E-01,-2.10882E+00,1.41741E+01,3.49157E+01,-1.54034E+02,-2.70276E+02
-1.01724E+00,7.33501E-01,-1.45156E+01,-3.88572E+01,1.56348E+02,2.96328E+02
1.91690E-01,-5.31690E-01,4.37639E+00,1.28328E+01,-4.80435E+01,-9.68125E+01
9.99874E-01,-3.25847E-04,5.67083E-03,5.42945E-03,-4.67877E-02,-6.70100E-02
3.47783E-01,1.54767E+00,-4.42606E+00,-8.65995E+00,4.28934E+01,6.87183E+01
7.34353E-01,-2.10941E+00,1.37070E+01,3.64273E+01,-1.52736E+02,-2.74401E+02
-1.08036E+00,7.20771E-01,-1.37344E+01,-4.00427E+01,1.52073E+02,2.97007E+02
2.04417E-01,-5.46972E-01,4.03784E+00,1.31007E+01,-4.58224E+01,-9.59123E+01
9.99875E-01,-3.65406E-04,5.92115E-03,6.03332E-03,-4.91674E-02,-7.12951E-02
3.34062E-01,1.58924E+00,-4.36361E+00,-9.17241E+00,4.31638E+01,7.05522E+01
8.16604E-01,-2.09933E+00,1.30915E+01,3.78235E+01,-1.50231E+02,-2.77015E+02
-1.14554E+00,6.98298E-01,-1.27840E+01,-4.10591E+01,1.46348E+02,2.95770E+02
2.17451E-01,-5.60344E-01,3.63994E+00,1.33015E+01,-4.30802E+01,-9.42981E+01
9.99877E-01,-4.06637E-04,6.14278E-03,6.64937E-03,-5.13391E-02,-7.53881E-02
3.18822E-01,1.62854E+00,-4.26169E+00,-9.66459E+00,4.31357E+01,7.20331E+01
9.02373E-01,-2.07743E+00,1.23209E+01,3.90832E+01,-1.46445E+02,-2.77984E+02
-1.21259E+00,6.65174E-01,-1.16583E+01,-4.18839E+01,1.39104E+02,2.92479E+02
2.30710E-01,-5.71608E-01,3.18104E+00,1.34277E+01,-3.97963E+01,-9.19255E+01
9.99881E-01,-4.49175E-04,6.32631E-03,7.27184E-03,-5.32297E-02,-7.91972E-02
3.02086E-01,1.66529E+00,-4.11996E+00,-1.01330E+01,4.28031E+01,7.31464E+01
9.91429E-01,-2.04292E+00,1.13959E+01,4.01931E+01,-1.41369E+02,-2.77260E+02
-1.28117E+00,6.20870E-01,-1.03596E+01,-4.25024E+01,1.30338E+02,2.87090E+02
2.44065E-01,-5.80702E-01,2.66217E+00,1.34745E+01,-3.59721E+01,-8.87824E+01
9.99886E-01,-4.93136E-04,6.47914E-03,7.90029E-03,-5.48909E-02,-8.27736E-02
2.83840E-01,1.69905E+00,-3.93534E+00,-1.05724E+01,4.21392E+01,7.38521E+01
1.08366E+00,-1.99451E+00,1.03076E+01,4.11340E+01,-1.34917E+02,-2.74710E+02
-1.35107E+00,5.64397E-01,-8.87993E+00,-4.28945E+01,1.19972E+02,2.79470E+02
2.57431E-01,-5.87417E-01,2.08111E+00,1.34353E+01,-3.15844E+01,-8.48268E+01
9.99892E-01,-5.38122E-04,6.59206E-03,8.52848E-03,-5.62508E-02,-8.60251E-02
2.64130E-01,1.72952E+00,-3.70812E+00,-1.09794E+01,4.11430E+01,7.41410E+01
1.17876E+00,-1.93141E+00,9.05928E+00,4.18928E+01,-1.27099E+02,-2.70309E+02
-1.42185E+00,4.95292E-01,-7.22427E+00,-4.30461E+01,1.08024E+02,2.69601E+02
2.70647E-01,-5.91727E-01,1.43982E+00,1.33056E+01,-2.66423E+01,-8.00557E+01
9.99900E-01,-5.83896E-04,6.66373E-03,9.15389E-03,-5.72988E-02,-8.89368E-02
2.42961E-01,1.75635E+00,-3.43619E+00,-1.13482E+01,3.97928E+01,7.39747E+01
1.27654E+00,-1.85263E+00,7.64589E+00,4.24492E+01,-1.17853E+02,-2.63933E+02
-1.49322E+00,4.12926E-01,-5.38909E+00,-4.29363E+01,9.44419E+01,2.57363E+02
2.83597E-01,-5.93557E-01,7.37540E-01,1.30785E+01,-2.11316E+01,-7.44329E+01
9.99909E-01,-6.30100E-04,6.69295E-03,9.77077E-03,-5.80220E-02,-9.14799E-02
2.20373E-01,1.77919E+00,-3.11907E+00,-1.16754E+01,3.80818E+01,7.33384E+01
1.37668E+00,-1.75734E+00,6.06819E+00,4.27905E+01,-1.07169E+02,-2.55543E+02
-1.56475E+00,3.16885E-01,-3.37687E+00,-4.25518E+01,7.92269E+01,2.42726E+02
2.96124E-01,-5.92915E-01,-2.45072E-02,1.27501E+01,-1.50562E+01,-6.79514E+01
9.99920E-01,-6.77211E-04,6.67917E-03,1.03866E-02,-5.84208E-02,-9.36775E-02
1.96406E-01,1.79753E+00,-2.75530E+00,-1.19533E+01,3.59929E+01,7.21943E+01
1.47887E+00,-1.64416E+00,4.32381E+00,4.28906E+01,-9.50034E+01,-2.45021E+02
-1.63600E+00,2.06169E-01,-1.18704E+00,-4.18661E+01,6.23476E+01,2.25579E+02
3.08067E-01,-5.89622E-01,-8.46080E-01,1.23116E+01,-8.40939E+00,-6.05788E+01
9.99932E-01,-7.23543E-04,6.61026E-03,1.09756E-02,-5.83892E-02,-9.53462E-02
1.71135E-01,1.81127E+00,-2.34665E+00,-1.21818E+01,3.35368E+01,7.05547E+01
1.58269E+00,-1.51310E+00,2.42140E+00,4.27487E+01,-8.14091E+01,-2.32422E+02
-1.70642E+00,8.13302E-02,1.16945E+00,-4.08790E+01,4.38728E+01,2.05995E+02
3.19226E-01,-5.84023E-01,-1.72313E+00,1.17636E+01,-1.21776E+00,-5.23434E+01
9.99946E-01,-7.69368E-04,6.48923E-03,1.15425E-02,-5.79523E-02,-9.65284E-02
1.44613E-01,1.81998E+00,-1.89196E+00,-1.23548E+01,3.06998E+01,6.83894E+01
1.68776E+00,-1.36316E+00,3.59801E-01,4.23443E+01,-6.63559E+01,-2.17658E+02
-1.77552E+00,-5.81387E-02,3.69184E+00,-3.95701E+01,2.37855E+01,1.83897E+02
3.29420E-01,-5.76119E-01,-2.65496E+00,1.10995E+01,6.52027E+00,-4.32241E+01
9.99962E-01,-8.13654E-04,6.31217E-03,1.20763E-02,-5.70782E-02,-9.71683E-02
1.16915E-01,1.82343E+00,-1.39208E+00,-1.24689E+01,2.74833E+01,6.56914E+01
1.79364E+00,-1.19400E+00,-1.85513E+00,4.16665E+01,-4.98680E+01,-2.00724E+02
-1.84272E+00,-2.12012E-01,6.37189E+00,-3.79293E+01,2.12742E+00,1.59295E+02
3.38449E-01,-5.66167E-01,-3.63838E+00,1.03165E+01,1.47866E+01,-3.32296E+01
9.99980E-01,-8.57331E-04,6.07736E-03,1.25819E-02,-5.57471E-02,-9.72475E-02
8.81540E-02,1.82105E+00,-8.47718E-01,-1.25186E+01,2.38891E+01,6.24510E+01
1.89976E+00,-1.00428E+00,-4.21799E+00,4.06970E+01,-3.19703E+01,-1.81604E+02
-1.90731E+00,-3.81080E-01,9.20190E+00,-3.59386E+01,-2.10594E+01,1.32192E+02
3.46059E-01,-5.54093E-01,-4.67039E+00,9.40924E+00,2.35631E+01,-2.23653E+01
9.99999E-01,-8.99343E-04,5.78680E-03,1.30512E-02,-5.39764E-02,-9.67723E-02
5.84024E-02,1.81266E+00,-2.59193E-01,-1.25002E+01,1.99139E+01,5.86545E+01
2.00567E+00,-7.93885E-01,-6.72461E+00,3.94244E+01,-1.26714E+01,-1.60273E+02
-1.96873E+00,-5.64782E-01,1.21753E+01,-3.35880E+01,-4.57487E+01,1.02578E+02
3.52050E-01,-5.40282E-01,-5.74837E+00,8.37487E+00,3.28364E+01,-1.06341E+01
1.00002E+00,-9.39311E-04,5.43607E-03,1.34763E-02,-5.17249E-02,-9.56765E-02
2.78005E-02,1.79795E+00,3.70737E-01,-1.24114E+01,1.55759E+01,5.43184E+01
2.11070E+00,-5.62473E-01,-9.36239E+00,3.78424E+01,7.94516E+00,-1.36806E+02
-2.02617E+00,-7.62769E-01,1.52768E+01,-3.08728E+01,-7.18354E+01,7.05554E+01
3.56140E-01,-5.25061E-01,-6.86679E+00,7.21247E+00,4.25672E+01,1.92463E+00
1.00004E+00,-9.76747E-04,5.02266E-03,1.38530E-02,-4.89737E-02,-9.39340E-02
-3.54744E-03,1.77664E+00,1.04132E+00,-1.22473E+01,1.08741E+01,4.94269E+01
2.21429E+00,-3.09743E-01,-1.21254E+01,3.59359E+01,2.98600E+01,-1.11177E+02
-2.07893E+00,-9.74603E-01,1.84979E+01,-2.77795E+01,-9.92800E+01,3.61173E+01
3.58090E-01,-5.08796E-01,-8.02233E+00,5.91833E+00,5.27374E+01,1.53069E+01
1.00007E+00,-1.01117E-03,4.54349E-03,1.41720E-02,-4.56907E-02,-9.14834E-02
-3.54805E-02,1.74848E+00,1.74921E+00,-1.20063E+01,5.83106E+00,4.40029E+01
2.31570E+00,-3.56472E-02,-1.49988E+01,3.37013E+01,5.29727E+01,-8.34879E+01
-2.12613E+00,-1.19953E+00,2.18208E+01,-2.43067E+01,-1.27958E+02,-6.05797E-01
3.57593E-01,-4.91966E-01,-9.20870E+00,4.49274E+00,6.33009E+01,2.94631E+01
1.00009E+00,-1.04219E-03,3.99979E-03,1.44301E-02,-4.18849E-02,-8.83308E-02
-6.78832E-02,1.71323E+00,2.49363E+00,-1.16834E+01,4.45978E-01,3.80313E+01
2.41433E+00,2.59886E-01,-1.79765E+01,3.11249E+01,7.72617E+01,-5.37152E+01
-2.16704E+00,-1.43680E+00,2.52369E+01,-2.04429E+01,-1.57828E+02,-3.96140E+01
3.54400E-01,-4.75067E-01,-1.04225E+01,2.93269E+00,7.42385E+01,4.43866E+01
1.00012E+00,-1.06927E-03,3.39091E-03,1.46208E-02,-3.75471E-02,-8.44506E-02
-1.00611E-01,1.67068E+00,3.27246E+00,-1.12756E+01,-5.27058E+00,3.15152E+01
2.50948E+00,5.76648E-01,-2.10477E+01,2.81988E+01,1.02665E+02,-2.18989E+01
-2.20084E+00,-1.68528E+00,2.87325E+01,-1.61828E+01,-1.88802E+02,-8.08394E+01
3.48226E-01,-4.58722E-01,-1.16589E+01,1.23735E+00,8.55166E+01,6.00477E+01
1.00015E+00,-1.09216E-03,2.71745E-03,1.47404E-02,-3.26779E-02,-7.98343E-02
-1.33495E-01,1.62059E+00,4.08307E+00,-1.07793E+01,-1.13042E+01,2.44607E+01
2.60038E+00,9.14519E-01,-2.42000E+01,2.49142E+01,1.29108E+02,1.19101E+01
-2.22661E+00,-1.94391E+00,3.22924E+01,-1.15206E+01,-2.20784E+02,-1.24202E+02
3.38764E-01,-4.43546E-01,-1.29122E+01,-5.94280E-01,9.70972E+01,7.64128E+01
1.00018E+00,-1.11005E-03,1.98019E-03,1.47814E-02,-2.72814E-02,-7.44728E-02
-1.66392E-01,1.56288E+00,4.92359E+00,-1.01915E+01,-1.76472E+01,1.68656E+01
2.68631E+00,1.27279E+00,-2.74231E+01,2.12642E+01,1.56537E+02,4.76851E+01
-2.24352E+00,-2.21096E+00,3.59035E+01,-6.45262E+00,-2.53694E+02,-1.69646E+02
3.25734E-01,-4.30391E-01,-1.41779E+01,-2.56236E+00,1.08949E+02,9.34555E+01
1.00021E+00,-1.12270E-03,1.18750E-03,1.47467E-02,-2.14258E-02,-6.84575E-02
-1.99145E-01,1.49739E+00,5.79226E+00,-9.50812E+00,-2.42938E+01,8.72312E+00
2.76656E+00,1.65088E+00,-3.07077E+01,1.72391E+01,1.84905E+02,8.54178E+01
-2.25073E+00,-2.48478E+00,3.95541E+01,-9.72452E-01,-2.87462E+02,-2.17133E+02
3.08850E-01,-4.20088E-01,-1.54515E+01,-4.66797E+00,1.21043E+02,1.11156E+02
1.00025E+00,-1.12974E-03,3.25083E-04,1.46196E-02,-1.49818E-02,-6.15916E-02
-2.31499E-01,1.42403E+00,6.68301E+00,-8.72894E+00,-3.12005E+01,8.13039E-02
2.84004E+00,2.04799E+00,-3.40292E+01,1.28426E+01,2.14035E+02,1.24907E+02
-2.24701E+00,-2.76343E+00,4.32160E+01,4.91177E+00,-3.21880E+02,-2.66423E+02
2.87708E-01,-4.13579E-01,-1.67235E+01,-6.90724E+00,1.33305E+02,1.29426E+02
1.00028E+00,-1.13018E-03,-5.85208E-04,1.44008E-02,-8.12721E-03,-5.40793E-02
-2.63328E-01,1.34285E+00,7.59541E+00,-7.85118E+00,-3.83723E+01,-9.07534E+00
2.90612E+00,2.46267E+00,-3.73829E+01,8.06978E+00,2.43918E+02,1.66172E+02
-2.23164E+00,-3.04426E+00,4.68824E+01,1.12007E+01,-3.56918E+02,-3.17506E+02
2.62068E-01,-4.12056E-01,-1.79911E+01,-9.27922E+00,1.45719E+02,1.48255E+02
1.00032E+00,-1.12442E-03,-1.55891E-03,1.40881E-02,-7.32260E-04,-4.57754E-02
-2.94323E-01,1.25374E+00,8.52167E+00,-6.87354E+00,-4.57537E+01,-1.86910E+01
2.96357E+00,2.89403E+00,-4.07385E+01,2.92128E+00,2.74335E+02,2.08986E+02
-2.20324E+00,-3.32515E+00,5.05197E+01,1.78893E+01,-3.92323E+02,-3.70113E+02
2.31474E-01,-4.16536E-01,-1.92429E+01,-1.17810E+01,1.58197E+02,1.67545E+02
1.00036E+00,-1.11107E-03,-2.58076E-03,1.36692E-02,7.08911E-03,-3.67730E-02
-3.24316E-01,1.15695E+00,9.45947E+00,-5.79675E+00,-5.33328E+01,-2.87528E+01
3.01159E+00,3.33981E+00,-4.40850E+01,-2.59468E+00,3.05217E+02,2.53266E+02
-2.16093E+00,-3.60244E+00,5.41141E+01,2.49638E+01,-4.28002E+02,-4.24126E+02
1.95645E-01,-4.28567E-01,-2.04742E+01,-1.44066E+01,1.70702E+02,1.87249E+02
1.00039E+00,-1.09011E-03,-3.65347E-03,1.31413E-02,1.53649E-02,-2.70335E-02
-3.53028E-01,1.05257E+00,1.04028E+01,-4.62034E+00,-6.10681E+01,-3.92186E+01
3.04907E+00,3.79831E+00,-4.73979E+01,-8.47391E+00,3.36394E+02,2.98829E+02
-2.10347E+00,-3.87306E+00,5.76385E+01,3.24147E+01,-4.63751E+02,-4.79318E+02
1.54174E-01,-4.49506E-01,-2.16756E+01,-1.71516E+01,1.83161E+02,2.07283E+02
1.00043E+00,-1.06114E-03,-4.77340E-03,1.25001E-02,2.40713E-02,-1.65728E-02
-3.80207E-01,9.40778E-01,1.13464E+01,-3.34423E+00,-6.89259E+01,-5.00549E+01
3.07493E+00,4.26732E+00,-5.06567E+01,-1.47102E+01,3.67721E+02,3.45521E+02
-2.02970E+00,-4.13334E+00,6.10696E+01,4.02298E+01,-4.99399E+02,-5.35495E+02
1.06694E-01,-4.80932E-01,-2.28393E+01,-2.00106E+01,1.95512E+02,2.27574E+02
1.00047E+00,-1.02377E-03,-5.93877E-03,1.17393E-02,3.32021E-02,-5.38025E-03
-4.05577E-01,8.21834E-01,1.22846E+01,-1.96909E+00,-7.68675E+01,-6.12207E+01
3.08808E+00,4.74434E+00,-5.38383E+01,-2.12945E+01,3.99035E+02,3.93158E+02
-1.93842E+00,-4.37923E+00,6.43816E+01,4.83938E+01,-5.34750E+02,-5.92428E+02
5.28167E-02,-5.24544E-01,-2.39565E+01,-2.29768E+01,2.07685E+02,2.48037E+02
1.00051E+00,-9.77691E-04,-7.14416E-03,1.08563E-02,4.27196E-02,6.50699E-03
-4.28882E-01,6.96049E-01,1.32126E+01,-4.94649E-01,-8.48638E+01,-7.26907E+01
3.08745E+00,5.22659E+00,-5.69235E+01,-2.82201E+01,4.30208E+02,4.41611E+02
-1.82849E+00,-4.60634E+00,6.75530E+01,5.68935E+01,-5.69648E+02,-6.49946E+02
-7.81506E-03,-5.82177E-01,-2.50201E+01,-2.60444E+01,2.19621E+02,2.68607E+02
1.00055E+00,-9.22411E-04,-8.38967E-03,9.83942E-03,5.26394E-02,1.91419E-02
-4.49833E-01,5.63865E-01,1.41246E+01,1.07680E+00,-9.28737E+01,-8.44177E+01
3.07189E+00,5.71077E+00,-5.98888E+01,-3.54715E+01,4.61066E+02,4.90670E+02
-1.69869E+00,-4.80968E+00,7.05579E+01,6.57062E+01,-6.03887E+02,-7.07793E+02
-7.55851E-02,-6.55871E-01,-2.60213E+01,-2.92042E+01,2.31249E+02,2.89188E+02
1.00059E+00,-8.58152E-04,-9.66020E-03,8.70229E-03,6.28328E-02,3.23376E-02
-4.68192E-01,4.25668E-01,1.50174E+01,2.74763E+00,-1.00883E+02,-9.64012E+01
3.04043E+00,6.19366E+00,-6.27207E+01,-4.30487E+01,4.91532E+02,5.40291E+02
-1.54799E+00,-4.98431E+00,7.33810E+01,7.48252E+01,-6.37365E+02,-7.65885E+02
-1.50810E-01,-7.47659E-01,-2.69551E+01,-3.24524E+01,2.42528E+02,3.09744E+02
1.00062E+00,-7.84582E-04,-1.09553E-02,7.43533E-03,7.33106E-02,4.61358E-02
-4.83646E-01,2.82050E-01,1.58842E+01,4.51493E+00,-1.08846E+02,-1.08589E+02
2.99185E+00,6.67128E+00,-6.53938E+01,-5.09329E+01,5.21419E+02,5.90246E+02
-1.37512E+00,-5.12439E+00,7.59949E+01,8.42238E+01,-6.69862E+02,-8.23945E+02
-2.33878E-01,-8.59879E-01,-2.78125E+01,-3.57783E+01,2.53381E+02,3.30173E+02
1.00066E+00,-7.01484E-04,-1.22684E-02,6.03454E-03,8.40298E-02,6.05018E-02
-4.95899E-01,1.33690E-01,1.67195E+01,6.37574E+00,-1.16723E+02,-1.20936E+02
2.92499E+00,7.13921E+00,-6.78861E+01,-5.91051E+01,5.50562E+02,6.40337E+02
-1.17889E+00,-5.22361E+00,7.83760E+01,9.38748E+01,-7.01185E+02,-8.81728E+02
-3.25146E-01,-9.95032E-01,-2.85858E+01,-3.91713E+01,2.63738E+02,3.50385E+02
1.00070E+00,-6.08729E-04,-1.35873E-02,4.50061E-03,9.48991E-02,7.53277E-02
-5.04647E-01,-1.86445E-02,1.75175E+01,8.32729E+00,-1.24477E+02,-1.33405E+02
2.83871E+00,7.59269E+00,-7.01766E+01,-6.75463E+01,5.78809E+02,6.90388E+02
-9.58143E-01,-5.27523E+00,8.05020E+01,1.03751E+02,-7.31155E+02,-9.39013E+02
-4.24964E-01,-1.15578E+00,-2.92679E+01,-4.26205E+01,2.73537E+02,3.70298E+02
1.00073E+00,-5.06594E-04,-1.49195E-02,2.82752E-03,1.05984E-01,9.07179E-02
-5.09498E-01,-1.74114E-01,1.82691E+01,1.03640E+01,-1.32042E+02,-1.45912E+02
2.73154E+00,8.02658E+00,-7.22315E+01,-7.62278E+01,6.05902E+02,7.40063E+02
-7.11399E-01,-5.27209E+00,8.23375E+01,1.13815E+02,-7.59479E+02,-9.95409E+02
-5.33773E-01,-1.34491E+00,-2.98474E+01,-4.61115E+01,2.82675E+02,3.89772E+02
1.00076E+00,-3.94938E-04,-1.62461E-02,1.01616E-03,1.17156E-01,1.06529E-01
-5.10179E-01,-3.31690E-01,1.89693E+01,1.24811E+01,-1.39382E+02,-1.58412E+02
2.60247E+00,8.43503E+00,-7.40330E+01,-8.51228E+01,6.31692E+02,7.89166E+02
-4.37673E-01,-5.20620E+00,8.38642E+01,1.24030E+02,-7.85984E+02,-1.05067E+03
-6.51850E-01,-1.56551E+00,-3.03186E+01,-4.96307E+01,2.91091E+02,4.08719E+02
1.00079E+00,-2.74014E-04,-1.75614E-02,-9.33046E-04,1.28369E-01,1.22714E-01
-5.06317E-01,-4.90282E-01,1.96102E+01,1.46725E+01,-1.46440E+02,-1.70838E+02
2.45014E+00,8.81187E+00,-7.55530E+01,-9.42005E+01,6.55963E+02,8.37419E+02
-1.35635E-01,-5.06921E+00,8.50532E+01,1.34356E+02,-8.10425E+02,-1.10448E+03
-7.79579E-01,-1.82077E+00,-3.06725E+01,-5.31628E+01,2.98700E+02,4.27020E+02
1.00082E+00,-1.43895E-04,-1.88590E-02,-3.02404E-03,1.39581E-01,1.39236E-01
-4.97537E-01,-6.48585E-01,2.01838E+01,1.69296E+01,-1.53157E+02,-1.83108E+02
2.27321E+00,9.15011E+00,-7.67630E+01,-1.03420E+02,6.78484E+02,8.84496E+02
1.95990E-01,-4.85189E+00,8.58760E+01,1.44742E+02,-8.32543E+02,-1.15645E+03
-9.17319E-01,-2.11420E+00,-3.09003E+01,-5.66889E+01,3.05413E+02,4.44542E+02
1.00085E+00,-5.30411E-06,-2.01239E-02,-5.24780E-03,1.50683E-01,1.55963E-01
-4.83526E-01,-8.05262E-01,2.06846E+01,1.92461E+01,-1.59496E+02,-1.95177E+02
2.07059E+00,9.44256E+00,-7.76442E+01,-1.12749E+02,6.99103E+02,9.30193E+02
5.58224E-01,-4.54471E+00,8.63141E+01,1.55146E+02,-8.52163E+02,-1.20633E+03
-1.06534E+00,-2.44938E+00,-3.09967E+01,-6.01932E+01,3.11168E+02,4.61192E+02
1.00087E+00,1.42049E-04,-2.13455E-02,-7.61031E-03,1.61591E-01,1.72814E-01
-4.63920E-01,-9.58725E-01,2.11056E+01,2.16134E+01,-1.65402E+02,-2.06974E+02
1.84100E+00,9.68106E+00,-7.81727E+01,-1.22145E+02,7.17614E+02,9.74218E+02
9.52222E-01,-4.13715E+00,8.63446E+01,1.65515E+02,-8.69054E+02,-1.25378E+03
-1.22395E+00,-2.83024E+00,-3.09548E+01,-6.36564E+01,3.15887E+02,4.76849E+02
1.00089E+00,2.96049E-04,-2.25199E-02,-1.00947E-02,1.72304E-01,1.89770E-01
-4.38356E-01,-1.10758E+00,2.14388E+01,2.40250E+01,-1.70813E+02,-2.18421E+02
1.58322E+00,9.85807E+00,-7.83221E+01,-1.31575E+02,7.33783E+02,1.01626E+03
1.37908E+00,-3.61927E+00,8.59420E+01,1.75804E+02,-8.82957E+02,-1.29844E+03
-1.39342E+00,-3.26049E+00,-3.07672E+01,-6.70618E+01,3.19480E+02,4.91383E+02
1.00090E+00,4.56346E-04,-2.36386E-02,-1.27003E-02,1.82771E-01,2.06789E-01
-4.06465E-01,-1.24997E+00,2.16774E+01,2.64711E+01,-1.75677E+02,-2.29447E+02
1.29603E+00,9.96437E+00,-7.80698E+01,-1.40992E+02,7.47404E+02,1.05603E+03
1.83985E+00,-2.97940E+00,8.50852E+01,1.85958E+02,-8.93641E+02,-1.33995E+03
-1.57401E+00,-3.74444E+00,-3.04281E+01,-7.03888E+01,3.21870E+02,5.04671E+02
1.00091E+00,6.22359E-04,-2.46850E-02,-1.54269E-02,1.92829E-01,2.23669E-01
-3.67940E-01,-1.38391E+00,2.18175E+01,2.89415E+01,-1.79969E+02,-2.40018E+02
9.78442E-01,9.99015E+00,-7.74041E+01,-1.50349E+02,7.58380E+02,1.09335E+03
2.33533E+00,-2.20518E+00,8.37655E+01,1.95915E+02,-9.00998E+02,-1.37812E+03
-1.76589E+00,-4.28658E+00,-2.99358E+01,-7.36156E+01,3.23018E+02,5.16638E+02
1.00091E+00,7.92875E-04,-2.56477E-02,-1.82659E-02,2.02416E-01,2.40347E-01
-3.22419E-01,-1.50732E+00,2.18520E+01,3.14257E+01,-1.83632E+02,-2.50054E+02
6.29314E-01,9.92529E+00,-7.63035E+01,-1.59597E+02,7.66494E+02,1.12791E+03
2.86640E+00,-1.28398E+00,8.19642E+01,2.05617E+02,-9.04788E+02,-1.41257E+03
-1.96925E+00,-4.89150E+00,-2.92855E+01,-7.67206E+01,3.22845E+02,5.27151E+02
